city,state,place,census_geoid,population,black_women,hispanic_women,white_women,asian_women,ori,agency,agency_type,agency_population,nibrs_start,months_with_data,thin_months,first_full,thin_list,area_ratio,longest_complete_months,longest_complete_span,status,window,reason,flags
New York,NY,"New York, NY",16000US3651000,8483844,1007856,1246782,1334867,653227,NY0303000,New York,City,8496850.0,2023-01-01,36.0,12.0,2023-01,2022-01;2022-02;2022-03;2022-04;2022-05;2022-06;...,1.0,36.0,2023-01 to 2025-12,yes,2024-2025,,"2022 to 2025 incomplete: 12 thin or missing months, last 2022-12"
Los Angeles,CA,"Los Angeles, CA",16000US0644000,3857263,166645,903648,531557,252224,CA0194200,Los Angeles,City,3874484.0,2024-05-01,22.0,30.0,2024-06,2022-01;2022-02;2022-03;2022-04;2022-05;2022-06;...,1.0,13.0,2024-12 to 2025-12,no,,"NIBRS incomplete in 2024 to 2025: 6 thin or missing months (2024-01, 2024-02, 2024-03, 2024-04, ...)",already analyzed
Chicago,IL,"Chicago, IL",16000US1714000,2711226,414538,397056,436715,103111,ILCPD0000,Chicago,City,2715488.0,2021-07-01,48.0,0.0,2022-01,,1.0,48.0,2022-01 to 2025-12,yes,2022-2025,,
Houston,TX,"Houston, TX",16000US4835000,2328253,288344,503035,267579,83567,TXHPD0000,Houston,City,2413559.0,2018-06-01,48.0,0.0,2022-01,,1.04,48.0,2022-01 to 2025-12,yes,2022-2025,,already analyzed
Phoenix,AZ,"Phoenix, AZ",16000US0455000,1642323,63497,338253,334435,35620,AZ0072300,Phoenix,City,1688662.0,2025-09-01,4.0,44.0,2025-09,2022-01;2022-02;2022-03;2022-04;2022-05;2022-06;...,1.03,4.0,2025-09 to 2025-12,no,,"NIBRS incomplete in 2024 to 2025: 20 thin or missing months (2024-01, 2024-02, 2024-03, 2024-04, ...)",
Philadelphia,PA,"Philadelphia, PA",16000US4260000,1579706,337669,124720,268930,65486,PAPEP0000,Philadelphia,City,1562379.0,2021-04-01,48.0,0.0,2022-01,,0.99,48.0,2022-01 to 2025-12,yes,2022-2025,,
San Antonio,TX,"San Antonio, TX",16000US4865000,1479835,50121,487005,168118,23254,TXSPD0000,San Antonio,City,1549306.0,2020-11-01,48.0,0.0,2022-01,,1.05,48.0,2022-01 to 2025-12,yes,2022-2025,,already analyzed
San Diego,CA,"San Diego, CA",16000US0666000,1389526,35466,207761,272151,127870,CA0371100,San Diego,City,1409432.0,2021-01-01,48.0,0.0,2022-01,,1.01,48.0,2022-01 to 2025-12,yes,2022-2025,,
Dallas,TX,"Dallas, TX",16000US4819000,1307930,163509,268224,178108,25146,TXDPD0000,Dallas,City,1331217.0,2018-03-01,48.0,0.0,2022-01,,1.02,48.0,2022-01 to 2025-12,yes,2022-2025,,already analyzed
San Jose,CA,"San Jose, CA",16000US0668000,990138,14039,149389,105881,196013,CA0431300,San Jose,City,994435.0,2023-04-01,31.0,17.0,2023-04,2022-01;2022-02;2022-03;2022-04;2022-05;2022-06;...,1.0,24.0,2024-01 to 2025-12,yes,2024-2025,,"2022 to 2025 incomplete: 17 thin or missing months, last 2023-12"
Austin,TX,"Austin, TX",16000US4805000,979539,36972,151213,224348,43552,TX2270100,Austin,City,1000639.0,2019-01-01,48.0,0.0,2022-01,,1.02,48.0,2022-01 to 2025-12,yes,2022-2025,,already analyzed
Jacksonville,FL,"Jacksonville, FL",16000US1235000,977670,155730,61108,231599,26903,FL0160000,Jacksonville Sheriff's Office,County,1008920.0,2021-01-01,48.0,0.0,2022-01,,1.03,48.0,2022-01 to 2025-12,yes,2022-2025,,
Fort Worth,TX,"Fort Worth, TX",16000US4827000,963194,100606,162686,180604,28317,TX2201200,Fort Worth,City,1030410.0,2005-10-01,48.0,0.0,2022-01,,1.07,48.0,2022-01 to 2025-12,yes,2022-2025,,already analyzed
Columbus,OH,"Columbus, OH",16000US3918000,914802,137943,37025,234135,27613,OHCOP0000,Columbus,City,940106.0,2003-01-01,48.0,0.0,2022-01,,1.03,48.0,2022-01 to 2025-12,yes,2022-2025,,
Charlotte,NC,"Charlotte, NC",16000US3712000,903844,165741,78959,173052,29057,NC0600100,Charlotte-Mecklenburg,City,1035037.0,2019-01-01,48.0,0.0,2022-01,,1.15,48.0,2022-01 to 2025-12,yes,2022-2025,,
Indianapolis,IN,"Indianapolis city (balance), IN",16000US1836003,885860,131895,59140,221659,17699,INIPD0000,Indianapolis,City,903574.0,2019-01-01,48.0,3.0,2022-01,2025-04;2025-10;2025-12,1.02,39.0,2022-01 to 2025-03,no,,"NIBRS incomplete in 2024 to 2025: 3 thin or missing months (2025-04, 2025-10, 2025-12)",
San Francisco,CA,"San Francisco, CA",16000US0667000,830235,19317,63970,137497,154484,,,,,,,,,,,,,no,,the police department does not report to NIBRS (not in the FBI's files),
Seattle,WA,"Seattle, WA",16000US5363000,754195,23790,30805,215549,67711,WASPD0000,Seattle,City,791503.0,2012-01-01,48.0,0.0,2022-01,,1.05,48.0,2022-01 to 2025-12,yes,2022-2025,,
Denver,CO,"Denver, CO",16000US0820000,718877,32533,98764,191556,14555,CODPD0000,Denver,City,733212.0,2005-01-01,48.0,0.0,2022-01,,1.02,48.0,2022-01 to 2025-12,yes,2022-2025,,
Oklahoma City,OK,"Oklahoma City, OK",16000US4055000,697125,48305,73324,177937,16959,OK0550600,Oklahoma City,City,720580.0,2019-05-01,48.0,0.0,2022-01,,1.03,48.0,2022-01 to 2025-12,yes,2022-2025,,
Nashville,TN,"Nashville-Davidson metropolitan government (balance), TN",16000US4752006,690130,91775,46515,186531,12560,TN0190100,Metropolitan Nashville Police Department,City,718499.0,1999-10-01,48.0,0.0,2022-01,,1.04,48.0,2022-01 to 2025-12,yes,2022-2025,,
Washington,DC,"Washington, DC",16000US1150000,681294,156592,40437,124686,17406,DCMPD0000,Washington,City,693645.0,2021-08-01,48.0,0.0,2022-01,,1.02,48.0,2022-01 to 2025-12,yes,2022-2025,,already analyzed
El Paso,TX,"El Paso, TX",16000US4824000,680130,10314,286151,37529,5130,TX0710200,El Paso,City,682310.0,2019-07-01,48.0,0.0,2022-01,,1.0,48.0,2022-01 to 2025-12,yes,2022-2025,,already analyzed
Boston,MA,"Boston, MA",16000US2507000,666442,73600,66062,150528,36902,MA0130100,Boston,City,671262.0,2019-10-01,48.0,1.0,2022-01,2022-11,1.01,37.0,2022-12 to 2025-12,yes,2024-2025,,"2022 to 2025 incomplete: 1 thin or missing months, last 2022-11"
Las Vegas,NV,"Las Vegas, NV",16000US3240000,660400,39770,112218,129470,27424,NV0020100,Las Vegas Metropolitan Police Department,City,1712136.0,2020-09-01,48.0,0.0,2022-01,,2.59,48.0,2022-01 to 2025-12,yes,2022-2025,,"department population 1,712,136 is 2.59x the city's"
Portland,OR,"Portland, OR",16000US4159000,641165,17637,37052,211148,27894,OR0260200,Portland,City,631483.0,2015-05-01,48.0,0.0,2022-01,,0.98,48.0,2022-01 to 2025-12,yes,2022-2025,,
Detroit,MI,"Detroit, MI",16000US2622000,638530,259226,25593,33342,5250,MI8234900,Detroit,City,642155.0,2005-01-01,48.0,0.0,2022-01,,1.01,48.0,2022-01 to 2025-12,yes,2022-2025,,
Louisville,KY,"Louisville/Jefferson County metro government (balance), KY",16000US2148006,631818,74839,28979,190971,9292,KY0568000,Louisville Metro,City,691630.0,2013-01-01,47.0,4.0,2022-04,2022-01;2022-02;2022-03;2022-12,1.09,36.0,2023-01 to 2025-12,yes,2024-2025,,"2022 to 2025 incomplete: 4 thin or missing months, last 2022-12"
Memphis,TN,"Memphis, TN",16000US4748000,618980,210013,30822,70380,5163,TNMPD0000,Memphis,City,606629.0,2000-08-01,48.0,0.0,2022-01,,0.98,48.0,2022-01 to 2025-12,yes,2022-2025,,
Baltimore,MD,"Baltimore, MD",16000US2404000,573243,187091,23046,75976,7850,MDBPD0000,Baltimore,City,562811.0,2021-07-01,48.0,1.0,2022-01,2023-11,0.98,25.0,2023-12 to 2025-12,yes,2024-2025,,"already analyzed; 2022 to 2025 incomplete: 1 thin or missing months, last 2023-11"
Milwaukee,WI,"Milwaukee, WI",16000US5553000,566973,117546,58505,91245,13962,WIMPD0000,Milwaukee,City,559717.0,2004-01-01,48.0,0.0,2022-01,,0.99,48.0,2022-01 to 2025-12,yes,2022-2025,,
Albuquerque,NM,"Albuquerque, NM",16000US3502000,562218,9273,137487,106737,10037,NM0010100,Albuquerque,City,559192.0,2018-01-01,48.0,0.0,2022-01,,0.99,48.0,2022-01 to 2025-12,no,,"9,273 Black women, under 10,000",
Tucson,AZ,"Tucson, AZ",16000US0477000,547073,12489,118509,121054,9895,AZ0100300,Tucson,City,556898.0,2024-01-01,24.0,24.0,2024-01,2022-01;2022-02;2022-03;2022-04;2022-05;2022-06;...,1.02,24.0,2024-01 to 2025-12,yes,2024-2025,,"2022 to 2025 incomplete: 24 thin or missing months, last 2023-12"
Fresno,CA,"Fresno, CA",16000US0627000,545970,18278,136834,66849,38344,CA0100500,Fresno,City,551969.0,2021-01-01,48.0,0.0,2022-01,,1.01,48.0,2022-01 to 2025-12,yes,2022-2025,,
Sacramento,CA,"Sacramento, CA",16000US0664000,528706,34285,76762,77870,55695,CA0340400,Sacramento,City,538389.0,2022-11-01,38.0,10.0,2022-11,2022-01;2022-02;2022-03;2022-04;2022-05;2022-06;...,1.02,38.0,2022-11 to 2025-12,yes,2024-2025,,"2022 to 2025 incomplete: 10 thin or missing months, last 2022-10"
Mesa,AZ,"Mesa, AZ",16000US0446000,511764,9780,67835,154175,7520,AZ0071700,Mesa,City,519990.0,2020-01-01,48.0,0.0,2022-01,,1.02,48.0,2022-01 to 2025-12,no,,"9,780 Black women, under 10,000",
Kansas City,MO,"Kansas City, MO",16000US2938000,510612,69787,32304,140071,7698,MOKPD0000,Kansas City,City,518039.0,2010-01-01,48.0,0.0,2022-01,,1.01,48.0,2022-01 to 2025-12,yes,2022-2025,,
Atlanta,GA,"Atlanta, GA",16000US1304000,505268,125832,14998,92310,12650,GAAPD0000,Atlanta,City,525939.0,2020-10-01,46.0,2.0,2022-01,2024-11;2024-12,1.04,34.0,2022-01 to 2024-10,no,,"NIBRS incomplete in 2024 to 2025: 2 thin or missing months (2024-11, 2024-12)",
Omaha,NE,"Omaha, NE",16000US3137000,488837,28680,38428,156259,10092,NB0280200,Omaha,City,488395.0,2023-08-01,30.0,19.0,2023-08,2022-01;2022-02;2022-03;2022-04;2022-05;2022-06;...,1.0,29.0,2023-08 to 2025-12,yes,2024-2025,,"2022 to 2025 incomplete: 19 thin or missing months, last 2023-07"
Colorado Springs,CO,"Colorado Springs, CO",16000US0816000,487887,13258,46925,158277,8581,CO0210100,Colorado Springs,City,496560.0,1997-01-01,48.0,0.0,2022-01,,1.02,48.0,2022-01 to 2025-12,yes,2022-2025,,
Raleigh,NC,"Raleigh, NC",16000US3755000,481031,70111,30326,124052,12142,NC0920100,Raleigh,City,508719.0,2019-01-01,48.0,0.0,2022-01,,1.06,48.0,2022-01 to 2025-12,yes,2022-2025,,
Miami,FL,"Miami, FL",16000US1245000,459745,28316,164145,24316,4412,FL0130600,Miami,City,498792.0,2022-07-01,43.0,9.0,2022-07,2022-01;2022-02;2022-03;2022-04;2022-05;2022-06;...,1.08,21.0,2024-04 to 2025-12,no,,NIBRS incomplete in 2024 to 2025: 1 thin or missing months (2024-03),
Virginia Beach,VA,"Virginia Beach, VA",16000US5182000,456349,45027,20897,135171,17620,VA1280000,Virginia Beach,City,454805.0,1999-02-01,48.0,1.0,2022-01,2022-12,1.0,36.0,2023-01 to 2025-12,yes,2024-2025,,"2022 to 2025 incomplete: 1 thin or missing months, last 2022-12"
Long Beach,CA,"Long Beach, CA",16000US0643000,455548,29454,98984,59067,31754,CA0194100,Long Beach,City,447317.0,2022-09-01,40.0,11.0,2022-12,2022-01;2022-02;2022-03;2022-04;2022-05;2022-06;...,0.98,37.0,2022-12 to 2025-12,yes,2024-2025,,"2022 to 2025 incomplete: 11 thin or missing months, last 2022-11"
Oakland,CA,"Oakland, CA",16000US0653000,439418,46264,60791,60366,37466,,,,,,,,,,,,,no,,the police department does not report to NIBRS (not in the FBI's files),
Minneapolis,MN,"Minneapolis, MN",16000US2743000,427246,39347,20430,123619,11413,MN0271100,Minneapolis,City,428057.0,2019-01-01,48.0,0.0,2022-01,,1.0,48.0,2022-01 to 2025-12,yes,2022-2025,,
Tulsa,OK,"Tulsa, OK",16000US4075000,413794,30620,39543,106841,7443,OK0720500,Tulsa,City,415528.0,2021-01-01,48.0,0.0,2022-01,,1.0,48.0,2022-01 to 2025-12,yes,2022-2025,,
Bakersfield,CA,"Bakersfield, CA",16000US0603526,411986,13446,113133,57719,17018,CA0150200,Bakersfield,City,420589.0,2022-09-01,40.0,8.0,2022-09,2022-01;2022-02;2022-03;2022-04;2022-05;2022-06;...,1.02,40.0,2022-09 to 2025-12,yes,2024-2025,,"2022 to 2025 incomplete: 8 thin or missing months, last 2022-08"
Tampa,FL,"Tampa, FL",16000US1271000,401618,42279,51116,88836,9911,FL0290200,Tampa,City,421313.0,2021-01-01,48.0,4.0,2022-01,2022-12;2023-01;2025-01;2025-05,1.05,23.0,2023-02 to 2024-12,no,,"NIBRS incomplete in 2024 to 2025: 2 thin or missing months (2025-01, 2025-05)",
Wichita,KS,"Wichita, KS",16000US2079000,397945,19339,36903,119266,10656,KS0870300,Wichita,City,401730.0,2000-11-01,48.0,10.0,2022-02,2022-01;2022-08;2022-09;2024-05;2024-07;2024-08;...,1.01,19.0,2022-10 to 2024-04,no,,"NIBRS incomplete in 2024 to 2025: 7 thin or missing months (2024-05, 2024-07, 2024-08, 2024-09, ...)",
Arlington,TX,"Arlington, TX",16000US4804000,397742,48271,63004,68568,14214,TX2200100,Arlington,City,406035.0,2016-02-01,48.0,0.0,2022-01,,1.02,48.0,2022-01 to 2025-12,yes,2022-2025,,
Aurora,CO,"Aurora, CO",16000US0804000,394432,31205,59616,80922,12879,CO0010100,Aurora,City,407319.0,1985-01-01,48.0,0.0,2022-01,,1.03,48.0,2022-01 to 2025-12,yes,2022-2025,,
New Orleans,LA,"New Orleans, LA",16000US2255000,371853,111651,14817,55880,5709,,,,,,,,,,,,,no,,the police department does not report to NIBRS (not in the FBI's files),
Cleveland,OH,"Cleveland, OH",16000US3916000,366097,89771,24646,60443,4817,OHCLP0000,Cleveland,City,363659.0,2003-01-01,48.0,0.0,2022-01,,0.99,48.0,2022-01 to 2025-12,yes,2022-2025,,
Honolulu,HI,"Urban Honolulu, HI",16000US1571550,345482,1939,11625,24477,96066,HI0020000,Honolulu,City,987000.0,2018-01-01,48.0,4.0,2022-01,2023-12;2024-12;2025-11;2025-12,2.86,23.0,2022-01 to 2023-11,no,,"NIBRS incomplete in 2024 to 2025: 3 thin or missing months (2024-12, 2025-11, 2025-12); 1,939 Black women, under 10,000","department population 987,000 is 2.86x the city's"
Anaheim,CA,"Anaheim, CA",16000US0602000,344521,4242,92300,39854,33051,CA0300100,Anaheim,City,344040.0,2021-10-01,48.0,0.0,2022-01,,1.0,48.0,2022-01 to 2025-12,no,,"4,242 Black women, under 10,000",
Henderson,NV,"Henderson, NV",16000US3231900,332141,11028,30648,94329,18583,NV0020300,Henderson,City,358366.0,2020-08-01,48.0,0.0,2022-01,,1.08,48.0,2022-01 to 2025-12,yes,2022-2025,,
Lexington,KY,"Lexington-Fayette, KY",16000US2146027,323725,23355,14208,110913,7196,KY0340200,Lexington,City,330994.0,2010-10-01,48.0,0.0,2022-01,,1.02,48.0,2022-01 to 2025-12,yes,2022-2025,,
Stockton,CA,"Stockton, CA",16000US0675000,322326,19571,74652,27403,35920,CA0390500,Stockton,City,325985.0,2021-03-01,48.0,0.0,2022-01,,1.01,48.0,2022-01 to 2025-12,yes,2022-2025,,
Orlando,FL,"Orlando, FL",16000US1253000,319758,39227,58459,49487,8135,,,,,,,,,,,,,no,,the police department does not report to NIBRS (not in the FBI's files),
Riverside,CA,"Riverside, CA",16000US0662000,319069,10428,89408,41571,13155,CA0331300,Riverside,City,325858.0,2023-01-01,36.0,13.0,2023-01,2022-01;2022-02;2022-03;2022-04;2022-05;2022-06;...,1.02,29.0,2023-01 to 2025-05,no,,NIBRS incomplete in 2024 to 2025: 1 thin or missing months (2025-06),
Corpus Christi,TX,"Corpus Christi, TX",16000US4817000,317419,6488,99310,45950,4252,TX1780200,Corpus Christi,City,317077.0,2019-05-01,48.0,0.0,2022-01,,1.0,48.0,2022-01 to 2025-12,no,,"6,488 Black women, under 10,000",
Santa Ana,CA,"Santa Ana, CA",16000US0669000,312534,1071,116305,13261,20171,CA0301900,Santa Ana,City,317439.0,2022-08-01,36.0,12.0,2023-01,2022-01;2022-02;2022-03;2022-04;2022-05;2022-06;...,1.02,36.0,2023-01 to 2025-12,no,,"1,071 Black women, under 10,000","2022 to 2025 incomplete: 12 thin or missing months, last 2022-12"
Irvine,CA,"Irvine, CA",16000US0636770,311690,3356,19393,52726,72266,CA0302600,Irvine,City,321339.0,2022-01-01,48.0,0.0,2022-01,,1.03,48.0,2022-01 to 2025-12,no,,"3,356 Black women, under 10,000",
Cincinnati,OH,"Cincinnati, OH",16000US3915000,311224,61394,9292,75004,4030,OHCIP0000,Cincinnati,City,316260.0,1998-01-01,48.0,0.0,2022-01,,1.02,48.0,2022-01 to 2025-12,yes,2022-2025,,"Hispanic women under 10,000 (comparison unstable)"
Newark,NJ,"Newark, NJ",16000US3451000,310178,75422,56170,13403,2933,NJNPD0000,Newark,City,318638.0,2021-01-01,48.0,0.0,2022-01,,1.03,48.0,2022-01 to 2025-12,yes,2022-2025,,
St. Paul,MN,"St. Paul, MN",16000US2758000,307284,24323,14252,78825,27118,MN0620900,St. Paul,City,307657.0,2020-09-01,48.0,0.0,2022-01,,1.0,48.0,2022-01 to 2025-12,yes,2022-2025,,
Pittsburgh,PA,"Pittsburgh, PA",16000US4261000,304759,35765,6771,96800,8979,PAPPD0000,Pittsburgh,City,306794.0,2023-11-01,24.0,29.0,2024-04,2022-01;2022-02;2022-03;2022-04;2022-05;2022-06;...,1.01,14.0,2024-04 to 2025-05,no,,"NIBRS incomplete in 2024 to 2025: 5 thin or missing months (2024-01, 2024-02, 2024-03, 2025-06, ...)","Hispanic women under 10,000 (comparison unstable)"
Greensboro,NC,"Greensboro, NC",16000US3728000,301198,68557,15744,61292,7900,NC0410200,Greensboro,City,310328.0,2019-01-01,46.0,3.0,2022-01,2025-10;2025-11;2025-12,1.03,45.0,2022-01 to 2025-09,no,,"NIBRS incomplete in 2024 to 2025: 3 thin or missing months (2025-10, 2025-11, 2025-12)",
Lincoln,NE,"Lincoln, NE",16000US3128000,294856,5224,12804,113228,6759,NB0550100,Lincoln,City,302860.0,2021-01-01,48.0,0.0,2022-01,,1.03,48.0,2022-01 to 2025-12,no,,"5,224 Black women, under 10,000",
Jersey City,NJ,"Jersey City, NJ",16000US3436000,294078,31890,37318,32337,38511,NJ0090600,Jersey City,City,305249.0,2021-01-01,48.0,5.0,2022-01,2022-08;2022-09;2022-11;2023-03;2023-12,1.04,24.0,2024-01 to 2025-12,yes,2024-2025,,"2022 to 2025 incomplete: 5 thin or missing months, last 2023-12"
Durham,NC,"Durham, NC",16000US3719000,291467,54003,21764,61984,8693,NC0320100,Durham,City,307140.0,2019-01-01,48.0,0.0,2022-01,,1.05,48.0,2022-01 to 2025-12,yes,2022-2025,,
Plano,TX,"Plano, TX",16000US4858016,290594,13682,24754,68685,33949,TX0430600,Plano,City,295030.0,2005-07-01,48.0,0.0,2022-01,,1.02,48.0,2022-01 to 2025-12,yes,2022-2025,,
Anchorage,AK,"Anchorage, AK",16000US0203000,288976,6532,13318,73952,15973,,,,,,,,,,,,,no,,the police department does not report to NIBRS (not in the FBI's files),
St. Louis,MO,"St. Louis, MO",16000US2965000,288512,66100,7084,63508,5182,MOSPD0000,St. Louis,City,274819.0,2021-01-01,48.0,0.0,2022-01,,0.95,48.0,2022-01 to 2025-12,yes,2022-2025,,"Hispanic women under 10,000 (comparison unstable)"
Gilbert,AZ,"Gilbert, AZ",16000US0427400,280262,4230,25709,91518,10138,AZ0071100,Gilbert,City,293851.0,2008-11-01,48.0,0.0,2022-01,,1.05,48.0,2022-01 to 2025-12,no,,"4,230 Black women, under 10,000",
Chandler,AZ,"Chandler, AZ",16000US0412000,280136,6999,30735,74922,16768,AZ0070500,Chandler,City,282191.0,2021-01-01,48.0,0.0,2022-01,,1.01,48.0,2022-01 to 2025-12,no,,"6,999 Black women, under 10,000",
North Las Vegas,NV,"North Las Vegas, NV",16000US3251800,278595,30764,58404,31733,11323,NV0020200,North Las Vegas,City,302881.0,2019-11-01,48.0,1.0,2022-01,2023-12,1.09,24.0,2024-01 to 2025-12,yes,2024-2025,,"2022 to 2025 incomplete: 1 thin or missing months, last 2023-12"
Madison,WI,"Madison, WI",16000US5548000,278001,9958,12075,97661,10269,WI0130100,Madison,City,287992.0,2010-01-01,48.0,1.0,2022-01,2024-10,1.04,33.0,2022-01 to 2024-09,no,,"NIBRS incomplete in 2024 to 2025: 1 thin or missing months (2024-10); 9,958 Black women, under 10,000",
Buffalo,NY,"Buffalo, NY",16000US3611000,276854,49566,17514,59007,12558,NY0140100,Buffalo,City,276384.0,2020-10-01,48.0,0.0,2022-01,,1.0,48.0,2022-01 to 2025-12,yes,2022-2025,,
Chula Vista,CA,"Chula Vista, CA",16000US0613392,276375,6911,88689,19177,21265,CA0370200,Chula Vista,City,279237.0,2021-01-01,48.0,0.0,2022-01,,1.01,48.0,2022-01 to 2025-12,no,,"6,911 Black women, under 10,000",
Reno,NV,"Reno, NV",16000US3260600,273212,3898,34810,75380,10147,NV0160100,Reno,City,286060.0,2019-11-01,48.0,0.0,2022-01,,1.05,48.0,2022-01 to 2025-12,no,,"3,898 Black women, under 10,000",
Fort Wayne,IN,"Fort Wayne, IN",16000US1825000,268589,19706,14027,87664,8101,IN0020100,Fort Wayne,City,275451.0,2020-09-01,48.0,0.0,2022-01,,1.03,48.0,2022-01 to 2025-12,yes,2022-2025,,
Toledo,OH,"Toledo, OH",16000US3977000,267463,39741,12177,75744,1843,OH0480700,Toledo,City,264490.0,2017-01-01,48.0,0.0,2022-01,,0.99,48.0,2022-01 to 2025-12,yes,2022-2025,,
Lubbock,TX,"Lubbock, TX",16000US4845000,264814,11395,49118,67256,3524,TX1520200,Lubbock,City,275713.0,2017-10-01,48.0,0.0,2022-01,,1.04,48.0,2022-01 to 2025-12,yes,2022-2025,,
St. Petersburg,FL,"St. Petersburg, FL",16000US1263000,262732,27311,12716,85082,5295,,,,,,,,,,,,,no,,the police department does not report to NIBRS (not in the FBI's files),
Laredo,TX,"Laredo, TX",16000US4841464,257619,415,124278,4047,753,TX2400100,Laredo,City,262723.0,2019-01-01,48.0,0.0,2022-01,,1.02,48.0,2022-01 to 2025-12,no,,"415 Black women, under 10,000","White women under 10,000 (comparison unstable)"
Irving,TX,"Irving, TX",16000US4837000,256492,18107,55304,23188,27801,TX0571500,Irving,City,258220.0,2020-01-01,48.0,0.0,2022-01,,1.01,48.0,2022-01 to 2025-12,yes,2022-2025,,
Glendale,AZ,"Glendale, AZ",16000US0427820,252833,7348,54614,53807,5767,AZ0071300,Glendale,City,260498.0,2022-07-01,42.0,6.0,2022-07,2022-01;2022-02;2022-03;2022-04;2022-05;2022-06,1.03,42.0,2022-07 to 2025-12,no,,"7,348 Black women, under 10,000","2022 to 2025 incomplete: 6 thin or missing months, last 2022-06"
Chesapeake,VA,"Chesapeake, VA",16000US5116000,252583,39150,9675,67810,5301,VA1030000,Chesapeake,City,257012.0,1999-01-01,48.0,0.0,2022-01,,1.02,48.0,2022-01 to 2025-12,yes,2022-2025,,"Hispanic women under 10,000 (comparison unstable)"
Winston-Salem,NC,"Winston-Salem, NC",16000US3775000,252037,44776,23087,58254,3405,NC0340200,Winston-Salem,City,257431.0,2019-01-01,48.0,0.0,2022-01,,1.02,48.0,2022-01 to 2025-12,yes,2022-2025,,
